offer_id_a,offer_id_b,duplication_types,url_a,url_b,hamming_distance,phash_a,phash_b
0074e7c874be7dea050d1380e02841f3,5296bfa46a15c7b2,"resolution,watermark",https://cdn.hometogo.com/medium/v1/990/316/3aaa557322e9ce5aabfdb93235.jpg,https://cdn.hometogo.com/medium/v1/a13/c87/9efa3119040e2478111729289d.jpg,2,2608527453059299623,3761378588921968935
00ac54fd3ba1b412,9ecdf9a3b12ab7593547b4ebd62d1e2d,"aspect-ratio,aspect-ratio,aspect-ratio,resolution,angle-15-30,angle-15-30,angle-15-30,illumination,illumination",https://cdn.hometogo.com/large/v1/9a0/451/75521451a172588c3c70562e14.jpg,https://cdn.hometogo.com/medium/v1/8ec/2ad/14a741fa8350c1973d637a9e68.jpg,24,2457682293250246423,4165980667340047951
00ac54fd3ba1b412,c21be21cd28ca6294eddf5c8a63a1716,"aspect-ratio,angle-15-30",https://cdn.hometogo.com/large/v1/9a0/451/75521451a172588c3c70562e14.jpg,https://cdn.hometogo.com/medium/v1/042/237/6fccc6a3befe3dfc2642ea06a3.jpg,24,2457682293250246423,4165980667340047951
01edab41c4af849a,46ee91dd32040840,class-different-object,https://cdn.hometogo.com/large/v1/38d/128/961594eb51be407db0e47e4d91.jpg,https://cdn.hometogo.com/large/v1/b8c/341/b80b2ee11d906a830e4e656676.jpg,38,1433115124203034153,-3.02367E+18
01f25f6eadf1a925a1d4b1b6a12fe811,87a046052a64c3b1ddfa2af8e2769d8c,"aspect-ratio,crop,crop,resolution,resolution,watermark,watermark,zoom,zoom",https://cdn.hometogo.com/large/v1/3e7/83c/c4f5c671676ac8a1ecd3a4a12d.jpg,https://cdn.hometogo.com/medium/v1/551/0bc/98821a3db00cc900c56351bd97.jpg,6,7591189522346760651,3267461064822184395
0212e4b58116b5f4,9bcae674306f0a2dee7c8ee87530415f,"aspect-ratio,crop,resolution,zoom",https://cdn.hometogo.com/medium/v1/fbe/9e7/5511baff6ee224160c3330138c.jpg,https://cdn.hometogo.com/large/v1/c90/ba0/df3fcba47e2b3f48e10b0aaf3d.jpg,24,8440925698343029991,2338372557978832071
0212e4b58116b5f4,6fa151ce4aeae0f4,"aspect-ratio,crop,zoom",https://cdn.hometogo.com/medium/v1/fbe/9e7/5511baff6ee224160c3330138c.jpg,https://cdn.hometogo.com/large/v1/724/ca4/95ecb7da06aa93aad5da4c0aad.jpg,10,8440925698343029991,3545231430058757319
0212e4b58116b5f4,c1b961ba501a4466,"aspect-ratio,crop,resolution,zoom",https://cdn.hometogo.com/medium/v1/fbe/9e7/5511baff6ee224160c3330138c.jpg,https://cdn.hometogo.com/large/v1/156/71a/36c06dd5675558aac9c0aca144.jpg,10,8440925698343029991,3545231430595611847
0212e4b58116b5f4,z2b66812f102c4914,"crop,resolution,zoom",https://cdn.hometogo.com/medium/v1/fbe/9e7/5511baff6ee224160c3330138c.jpg,https://cdn.hometogo.com/medium/v1/6c5/fa2/54ecf0b4fda395f9c4ef826c9c.jpg,12,8440925698343029991,7003714743784672455
0212e4b58116b5f4,180317829f883ab6,"crop,zoom,angle-15-30,season",https://cdn.hometogo.com/medium/v1/fbe/9e7/5511baff6ee224160c3330138c.jpg,https://cdn.hometogo.com/medium/v1/771/450/9652e4e325a6b7d004a5241435.jpg,30,8440925698343029991,-7.36968E+18
02a286db2b544abc,e39e06429e833c75c9de45f3c4563a0f,"resolution,watermark,illumination",https://cdn.hometogo.com/medium/v1/494/9f2/2ec52ba8b4d4198e8968fad511.jpg,https://cdn.hometogo.com/medium/v1/7aa/fd5/9e4b6643321fb6b455b570bfee.jpg,14,2100266569296169973,-8.81584E+18
0322fdd93023b16b31456345337a2590,e13299e10f3bcd06,same,https://cdn.hometogo.com/large/v1/d6e/e13/972eee3d2d2e86444a67e97d3e.jpg,https://cdn.hometogo.com/large/v1/124/0fe/e3c952d83c90c58a0b670c8291.jpg,14,-1.10434E+18,8416721111395093703
03ca737d470eefe741b461f1a6fc0a32,7117202314ebf817,same,https://cdn.hometogo.com/medium/v1/bd3/e85/c960514635aa11f7ea10d0b40c.jpg,https://cdn.hometogo.com/medium/v1/854/559/560129c01130c7fb643936ce68.jpg,0,-2.69595E+18,-2.69595E+18
03ca737d470eefe741b461f1a6fc0a32,9b8da1d78ba25adb,"crop,zoom",https://cdn.hometogo.com/medium/v1/bd3/e85/c960514635aa11f7ea10d0b40c.jpg,https://cdn.hometogo.com/large/v1/9ce/8b5/356cc6710e5d070b2acecb1711.jpg,10,-2.69595E+18,-3.29944E+18
06725de05dc5df41,996fdd53b772200354a99e8210ec48db,illumination,https://cdn.hometogo.com/large/v1/c7b/ef3/cd71739cf468c832b4048531e6.jpg,https://cdn.hometogo.com/medium/v1/cb2/5f2/837dc53b8d967c35d95ce68ac1.jpg,8,929464566179685127,-3.68307E+18
067456a6b430034297fae5192cc7102a,7b26fe697224bb50,"aspect-ratio,crop,zoom",https://cdn.hometogo.com/medium/v1/ffb/bf5/75f6a645f2abe8fad02b68f375.jpg,https://cdn.hometogo.com/large/v1/16f/e55/29aede64b0fee00d841ada300f.jpg,10,7366066831528524093,3218258172998019389
06eceae4e25b64b7a8202319bed8fe89,32f176f8e31d73cd,"aspect-ratio,crop,zoom",https://cdn.hometogo.com/medium/v1/14f/54d/ac53e37ae8f5abd9e827e278fa.jpg,https://cdn.hometogo.com/large/v1/25f/7a4/735e01f3dd6458a1271977a862.jpg,12,7791749132228121491,5230247752606831507
077a6638c83e0bf83979a5bbd8d22523,27ac9f5e9ceee1f9,same,https://cdn.hometogo.com/medium/v1/008/aa0/6a0176f1a2e30ef20ec3b48982.jpg,https://cdn.hometogo.com/large/v1/a2b/813/376b6052abca0b85bb33e89849.jpg,0,538273626745313895,538273626745313895
077a6638c83e0bf83979a5bbd8d22523,aa8ba8af5f2a2be6,angle-15-30,https://cdn.hometogo.com/medium/v1/008/aa0/6a0176f1a2e30ef20ec3b48982.jpg,https://cdn.hometogo.com/large/v1/afd/454/85426f40b72b90bb8678e76cc6.jpg,32,538273626745313895,440002302399663917
083d591c8fea25a3aec527c117d83462,867494d1b17985ee0064c00ec57f5ded,same,https://cdn.hometogo.com/medium/v1/66e/b8f/e5f1977508e6265b8ea915c9a6.jpg,https://cdn.hometogo.com/medium/v1/fdc/ea7/83b64a4851021195a7eaabcd5a.jpg,0,4357539011540670533,4357539011540670533
08bd55144ae94fed,7410847f88f935c7,same,https://cdn.hometogo.com/large/v1/346/503/166832f330448e79146c4f0ffb.jpg,https://cdn.hometogo.com/large/v1/876/221/a0f6845f54ad46b6a2755a8e68.jpg,0,-5.17251E+18,-5.17251E+18
0ae785598c99021e,ecdf3b7142a28db6,angle-15-30,https://cdn.hometogo.com/large/v1/c59/ea7/7c79233b592f05d58e482a8cb1.jpg,https://cdn.hometogo.com/large/v1/810/a79/8204d6bee1b63f1460bce2dfc4.jpg,22,6780782869694821287,-2.44657E+18
0ae785598c99021e,ab1dcfb0904098f2,same,https://cdn.hometogo.com/large/v1/c59/ea7/7c79233b592f05d58e482a8cb1.jpg,https://cdn.hometogo.com/large/v1/241/381/ab9c7f678ffb4cb50c4ec12a4a.jpg,0,6780782869694821287,6780782869694821287
0b9858a5c7bb28db,26ac00dcf098008b,same,https://cdn.hometogo.com/medium/v1/06e/181/3341cb012569c32c0ee45aea1f.jpg,https://cdn.hometogo.com/large/v1/10e/235/392c69329e9a0ed250631090c5.jpg,0,-4.2778E+18,-4.2778E+18
0c578f22278ab2f2,72825d069d021a04cf2b318b03059704,"class-different-object,same,same",https://cdn.hometogo.com/large/v1/344/471/2d501cf8a4707025cf7021f693.jpg,https://cdn.hometogo.com/large/v1/474/e1d/1f2c59b42703f2fd4eba64f619.jpg,0,-3.70691E+18,-3.70691E+18
0c578f22278ab2f2,a2bd2f109527264e,"aspect-ratio,illumination",https://cdn.hometogo.com/large/v1/344/471/2d501cf8a4707025cf7021f693.jpg,https://cdn.hometogo.com/large/v1/244/637/e1ad653b11a2f4a5f5db36e723.jpg,16,-3.70691E+18,-4.01314E+18
0fa0ec6f9f352713,z9635c6bb3bf9b635,"aspect-ratio,crop,zoom,angle-15-30,illumination,renovation",https://cdn.hometogo.com/large/v1/cc8/821/5805fdc8f32db7505e36a4d14e.jpg,https://cdn.hometogo.com/medium/v1/6f5/9dc/8d784c8fe2b61af1b0b8ea3645.jpg,24,909226138599203135,-5.27888E+17
0fa0ec6f9f352713,4db39dfb32ad985c633c3b321c94f380,watermark,https://cdn.hometogo.com/large/v1/cc8/821/5805fdc8f32db7505e36a4d14e.jpg,https://cdn.hometogo.com/medium/v1/4fb/874/e53574520b908003e7daaa1ea2.jpg,4,909226138599203135,909182295573045631
1132169da5d23cea8804e683627fac5d,6f8d958ab38a4c9a,angle-15-30,https://cdn.hometogo.com/large/v1/f53/428/5b5a4e023b8b5f1abf853aedfd.jpg,https://cdn.hometogo.com/large/v1/376/df9/b48f6b7b97ce8601d6fdfe85a6.jpg,22,-7.7934E+18,-7.81302E+18
1489c8250e1f750aa65bb8926a4fe13e,2587d1332e3e48a2024b073e28da0275,same,https://cdn.hometogo.com/medium/v1/687/cb2/612352d0d35ec66ec1e6a80d4d.jpg,https://cdn.hometogo.com/medium/v1/822/88e/4e87bd13bd5bb8e95ac03cfc81.jpg,0,8531069223662038923,8531069223662038923
15b5c949cb2b3428,ffe0b6d2f94874af77736f5eb5b7717e,"aspect-ratio,crop,zoom",https://cdn.hometogo.com/large/v1/640/4ef/8774cb7c8dd674d0f76c9f09b7.jpg,https://cdn.hometogo.com/large/v1/3db/3d3/5d4c05ed8e8e1c3b8bdb7af679.jpg,16,-3.05621E+18,-3.35333E+18
167f474fe18f3cd0ebe97eed28b16e8c,75c565403970316792752b83faa586b7,"zoom,angle-15-30",https://cdn.hometogo.com/large/v1/326/ba1/238ef9830e2a715ec34fa8b439.jpg,https://cdn.hometogo.com/large/v1/007/e74/0bda8aed6b8751301d44066ac1.jpg,32,-8.68075E+18,8765158681071889615
1789eebfbb2a0be0c8b64909f2e30edd,7c2dc7090d441535de7fadf0f87f0c85,same,https://cdn.hometogo.com/large/v1/dfc/b2d/6e7a0dacd9bb3eb7c34e911cf5.jpg,https://cdn.hometogo.com/large/v1/dfc/b2d/6e7a0dacd9bb3eb7c34e911cf5.jpg,0,277666742959128767,277666742959128767
178ade3d8c5f14b8cbc5349c153e0a07,8643e514f9f4ae01,"aspect-ratio,crop,zoom",https://cdn.hometogo.com/large/v1/19a/700/9a2210436aacc54c98f8b1335a.jpg,https://cdn.hometogo.com/large/v1/bbf/994/c8b0797e0d8bd23fe3db7fe0f3.jpg,16,-3.35333E+18,-3.05621E+18
178ade3d8c5f14b8cbc5349c153e0a07,ffe0b6d2f94874af77736f5eb5b7717e,same,https://cdn.hometogo.com/large/v1/19a/700/9a2210436aacc54c98f8b1335a.jpg,https://cdn.hometogo.com/large/v1/3db/3d3/5d4c05ed8e8e1c3b8bdb7af679.jpg,0,-3.35333E+18,-3.35333E+18
180317829f883ab6,9bcae674306f0a2dee7c8ee87530415f,"aspect-ratio,zoom,angle-15-30,season",https://cdn.hometogo.com/medium/v1/771/450/9652e4e325a6b7d004a5241435.jpg,https://cdn.hometogo.com/large/v1/c90/ba0/df3fcba47e2b3f48e10b0aaf3d.jpg,30,-7.36968E+18,2338372557978832071
182d286a50aba30a,9cdac365124112a2f5cf9ed7e4e39264,"aspect-ratio,angle-15-30,illumination",https://cdn.hometogo.com/medium/v1/0fa/ad0/d5e5ca56bbb4226e8da7acd3a0.jpg,https://cdn.hometogo.com/medium/v1/56e/aeb/9044aea88a4d822033d1aa45b2.jpg,26,3532626585871092655,-5.44633E+18
182d286a50aba30a,5839983b8a5037f436cc36fefedf1573,"aspect-ratio,angle-15-30,illumination",https://cdn.hometogo.com/medium/v1/0fa/ad0/d5e5ca56bbb4226e8da7acd3a0.jpg,https://cdn.hometogo.com/medium/v1/0c1/128/b34696f59168ef3d03e5bfdf4e.jpg,26,3532626585871092655,-5.44633E+18
1ae6087980b06cbeef970240e333e822,38f58c72bc70b05e9b97f972f8fc864f,"resolution,watermark",https://cdn.hometogo.com/large/v1/7c4/c45/05d9fe7a5c23e956e7ed57ab0f.jpg,https://cdn.hometogo.com/medium/v1/9a4/4ed/13335126f5aaf51c0dcaf25999.jpg,0,-9.08915E+18,-9.08915E+18
1b4a4f8c943f333f,ad34f085b0f37c6b,same,https://cdn.hometogo.com/large/v1/6e2/133/e02a27990b9ecdfaea1a515acd.jpg,https://cdn.hometogo.com/large/v1/cbb/071/8722f40dfef1837bf15df294a7.jpg,0,1414795328923921951,1414795328923921951
1d3c3112e18c7d0823ef54b99cff9534,6efbf9571f30e9d8f5919dd2aae35aed,same,https://cdn.hometogo.com/large/v1/9d9/8ff/ddacf6f89c236c2d84ca2655a0.jpg,https://cdn.hometogo.com/large/v1/bc5/4ab/6818ece8489afe1e72fb4e86f5.jpg,0,243474756307552159,243474756307552159
1e0c61e3f2f48b94ef5feaa9b32b20a5,be6cd9b11f944f4a,"resolution,watermark",https://cdn.hometogo.com/medium/v1/5c6/a55/bba44207af7dc0dbe25cd2eb66.jpg,https://cdn.hometogo.com/medium/v1/bf3/62d/58b6c5d5972d23e7cbb9dd7ef1.jpg,0,-4.2778E+18,-4.2778E+18
1edb642e7e3576e43027f4be2d6bd37e,a39807897895337e,"aspect-ratio,crop,zoom",https://cdn.hometogo.com/medium/v1/30e/4e3/95509ba0dfe43428d4a71b4ca2.jpg,https://cdn.hometogo.com/large/v1/55c/138/cc050961ee75e099e6d5425906.jpg,8,4258195653839206799,2096485416364586383
1f2aa62a19b5ca34d693d9db0597533a,893570ec21a0f5ad,"aspect-ratio,angle-15-30",https://cdn.hometogo.com/large/v1/6fb/f59/e49bd23d174ca93a5d6d445f91.jpg,https://cdn.hometogo.com/large/v1/c80/003/f8d6d31747c23edc685957932a.jpg,34,648395828128686073,9011473088516593065
1f9ae13fedef76925c041342520d16ec,a214276b12267c85,"aspect-ratio,crop,zoom",https://cdn.hometogo.com/medium/v1/a86/950/9d0459fc29a73516ddefcfd0ad.jpg,https://cdn.hometogo.com/large/v1/131/ec0/91db5210ef40076bf893d9581b.jpg,22,8136019923322485143,-8.97018E+18
1fba8bd7573fd09f,3a22e24cdcec2b5fd0fcde3444984f09,same,https://cdn.hometogo.com/large/v1/9cc/85c/d1e08917f073d844a9bbf88b76.jpg,https://cdn.hometogo.com/large/v1/340/62b/a37d4e854dd6d34c77aa227aca.jpg,2,7290094365325662463,7001934357918128383
1fba8bd7573fd09f,42cbcdd016fc137102d72fd2d954cb82,same,https://cdn.hometogo.com/large/v1/9cc/85c/d1e08917f073d844a9bbf88b76.jpg,https://cdn.hometogo.com/large/v1/16c/02d/e06a4ec78db8ebaf2210e99c7d.jpg,2,7290094365325662463,7001934357918128383
2239e0bda464abec,5a033975e8b8ab66,"angle-15-30,illumination",https://cdn.hometogo.com/large/v1/9dd/b23/a5c6048923280a611f38ac679c.jpg,https://cdn.hometogo.com/large/v1/7fe/ca2/4da9422409ff81af432ff7bab6.jpg,36,5416187298719773775,3590012571351410795
2239e0bda464abec,f21cab6aa5e6613c,"aspect-ratio,crop,resolution,zoom,angle-15-30,illumination",https://cdn.hometogo.com/large/v1/9dd/b23/a5c6048923280a611f38ac679c.jpg,https://cdn.hometogo.com/medium/v1/202/bcc/16d3d77f2e84cc507fe251f392.jpg,36,5416187298719773775,3592303678705772707
22cc4933f311de2d4ecbded992767ca0,6041eeb85ceb7fb1,"illumination,same",https://cdn.hometogo.com/medium/v1/51f/f84/36a7389955fc47f2577da8ae5c.jpg,https://cdn.hometogo.com/medium/v1/4b1/9ce/050f2ee5bfd82aed31014e2591.jpg,2,-1.14782E+18,-1.14782E+18
22ce805cfef142bf,8472197cb80aa3f7b379527667e7880f,"crop,watermark,zoom",https://cdn.hometogo.com/large/v1/5d8/abb/43b42df560d9f36b18adf89e2a.jpg,https://cdn.hometogo.com/medium/v1/8ba/9d0/25aa6700308585ecada526a0d5.jpg,24,-7.87616E+18,-7.01126E+18
2406e00c9b5950cd,86f1bfbc6237f47214edbf5b9e509321,resolution,https://cdn.hometogo.com/small/v1/cc8/16b/ac8fdf303ed3458dbe817905de.jpg,https://cdn.hometogo.com/large/v1/979/3fd/21cb9dd798ffc3c6d1689d5e51.jpg,2,6468757096005741105,6455246297123629617
268d17bb47596307,ad4d5a657519415055fdcc9ff4f3ac9f,watermark,https://cdn.hometogo.com/large/v1/afc/df8/b2f174504e876e63fb4215cfc0.jpg,https://cdn.hometogo.com/medium/v1/610/7d1/fa0a9d9ec67540db16a8f4a15e.jpg,0,7616230681539384973,7616230681539384973
26ac00dcf098008b,be6cd9b11f944f4a,same,https://cdn.hometogo.com/large/v1/10e/235/392c69329e9a0ed250631090c5.jpg,https://cdn.hometogo.com/medium/v1/bf3/62d/58b6c5d5972d23e7cbb9dd7ef1.jpg,0,-4.2778E+18,-4.2778E+18
26c642bf1a8c8c96,c47d5d7def50aca3,"angle-15-30,season",https://cdn.hometogo.com/medium/v1/67e/1b6/14731dabec049c0527045ede2f.jpg,https://cdn.hometogo.com/medium/v1/3f1/fc3/3f42254188f3666f9afd74487f.jpg,32,571965815507128671,-4.88612E+17
26c642bf1a8c8c96,d1232b3d64515165415821b121ae8654,"resolution,angle-15-30,illumination,season,weather",https://cdn.hometogo.com/medium/v1/67e/1b6/14731dabec049c0527045ede2f.jpg,https://cdn.hometogo.com/medium/v1/0f3/724/cbf45cbf51ca8ee0aea5729a64.jpg,32,571965815507128671,-4.88612E+17
2708adc9cbe42d77afa2226cf627b8d1,a2bb56252851db2d,"aspect-ratio,crop,zoom,angle-15-30,illumination",https://cdn.hometogo.com/medium/v1/976/f7b/fb43baa2529c925b0d75ff4148.jpg,https://cdn.hometogo.com/large/v1/036/e1d/3d83e96e6a4e33881359c0fadc.jpg,18,-7.30874E+18,-3.25478E+18
27249107960d8ad2,79cf0eccc8a8003a,same,https://cdn.hometogo.com/large/v1/0c6/071/3c84fd9e13e6aa758eedcf63a8.jpg,https://cdn.hometogo.com/large/v1/edb/800/d41057edfc7149a44ab559bf16.jpg,0,-1.72555E+18,-1.72555E+18
27249107960d8ad2,8d1f65d5bb274c89,same,https://cdn.hometogo.com/large/v1/0c6/071/3c84fd9e13e6aa758eedcf63a8.jpg,https://cdn.hometogo.com/large/v1/978/819/c5e4a06ab87878031fb11c2162.jpg,0,-1.72555E+18,-1.72555E+18
27d388c171cd09ffbfedfb728756c143,ccf8c3424d79778db4c25d01026347bf,"aspect-ratio,crop,zoom",https://cdn.hometogo.com/large/v1/980/161/9abfb15afe76df5e4ab3edd3a9.jpg,https://cdn.hometogo.com/medium/v1/dce/ae6/34e171cf58086839d64b01d6b9.jpg,14,-5.57381E+18,-3.27261E+18
2b1a73f246bf3ccdd4e590796aa8bf51,38262e08c1c8ffcc82f98cd8a370bd26,same,https://cdn.hometogo.com/large/v1/6b6/f27/c29296d584df422a767b1095ad.jpg,https://cdn.hometogo.com/large/v1/4cf/2c1/700b7fa4892c2017a26816293c.jpg,0,3911905205511658397,3911905205511658397
2b302c4c3d7447b3,e525f829aca96688,zoom,https://cdn.hometogo.com/large/v1/561/562/9b92d78e9d7bb3b78bf8006879.jpg,https://cdn.hometogo.com/large/v1/df6/6bf/3a6c32966854d68a0501720f02.jpg,16,3230330089433500003,4475804221721058597
2b302c4c3d7447b3,af217c774d00cd82,"aspect-ratio,crop,resolution,zoom",https://cdn.hometogo.com/large/v1/561/562/9b92d78e9d7bb3b78bf8006879.jpg,https://cdn.hometogo.com/large/v1/ae3/805/30e05e8b1fb28cfb3e738cfbe0.jpg,12,3230330089433500003,5391355459542223139
2b393933d6d7a1f2,aaf9966fcdfa2bf6,same,https://cdn.hometogo.com/large/v1/71e/81d/2597f7ce4f864ecd2d336d3ddc.jpg,https://cdn.hometogo.com/large/v1/198/3b4/9e1d696550f0b9b22782f42782.jpg,0,5422382214001951903,5422382214001951903
2b9a3f056d8fb022ffc09fc0a7e13029,ac70f4e102ed72a0ff4587c475653d40,watermark,https://cdn.hometogo.com/medium/v1/735/eea/2a36edfa4de7ee3dfad41f8617.jpg,https://cdn.hometogo.com/medium/v1/579/ae1/83308d0332eabaac5bbe7a1ab0.jpg,0,-7.59681E+18,-7.59681E+18
2bd618e3739172b891f206b6ca4c3bfd,d29b43cf35a9d360,"resolution,watermark,angle-15-30,renovation",https://cdn.hometogo.com/medium/v1/08a/c51/82dc8b11fda1169a704693899e.jpg,https://cdn.hometogo.com/large/v1/080/d09/b20529566e637d173eb07212d9.jpg,28,-1.37436E+18,3912785024831351939
2c4fb56031a8313396183003eb0fd78a,a9117c603a1ad5e1e7dddb6b7c10484b,same,https://cdn.hometogo.com/medium/v1/5fd/fec/fe9e1700545bbc5546963a1d8b.jpg,https://cdn.hometogo.com/medium/v1/fa0/4eb/288ac37fda5b6a353643109812.jpg,0,2542815425492437863,2542815425492437863
2d903e809d3d68d7,zd8f8e29d09cd8b3e,"aspect-ratio,aspect-ratio,resolution,resolution,zoom,angle-15-30,angle-15-30,illumination,illumination",https://cdn.hometogo.com/small/v1/49e/6a3/2bfae149dfc189c61ab7990c43.jpg,https://cdn.hometogo.com/small/v1/df8/deb/400c746a566972f250b901f260.jpg,32,848613571053487943,6220082077472548437
2e12b49b850ed421,ee9243ee29ab8f63,same,https://cdn.hometogo.com/large/v1/c8a/b52/82bc9e04a3cf4d3bfbedd20e61.jpg,https://cdn.hometogo.com/large/v1/2c1/476/4621fbbb4d29eb5a761d4df333.jpg,0,1614032710034734237,1614032710034734237
2e154b592bc3c3d2,a7ffca24d7ca7dfafc2f6bc1ae4ca794,watermark,https://cdn.hometogo.com/large/v1/8c3/c7e/84ef3da88b4e49e0939852b824.jpg,https://cdn.hometogo.com/medium/v1/1bf/336/951d38cc76bff692a9c1414063.jpg,0,-9.16464E+18,-9.16464E+18
2f59d1d24f5de481,f11b9263db3d65f7,illumination,https://cdn.hometogo.com/large/v1/c2b/a45/5aab9957343f659cd4a241609e.jpg,https://cdn.hometogo.com/large/v1/2ed/531/579f05fb6f267f41740ebfdbc3.jpg,0,5463615769415435599,5463615769415435599
3064c0a67dfb1409360e8bd01579d81d,a1c68aab9ace33ba629d511e482e5032,same,https://cdn.hometogo.com/medium/v1/c80/b89/6a7072ca5ec1ccbd1a88566a7a.jpg,https://cdn.hometogo.com/medium/v1/449/ee2/861504698d3520f3f43c6c39b1.jpg,0,8249622976285907149,8249622976285907149
30de369e77e6ea154fed1ecbf1e5ad98,8643e514f9f4ae01,"aspect-ratio,crop,zoom",https://cdn.hometogo.com/medium/v1/2b1/2dd/4e6f61e7bc8f71417a63c48fdb.jpg,https://cdn.hometogo.com/large/v1/bbf/994/c8b0797e0d8bd23fe3db7fe0f3.jpg,16,-3.36234E+18,-3.05621E+18
310e234ba88dade9,7ce21fe76e8257b6b453eefdbd090ae1,same,https://cdn.hometogo.com/large/v1/b58/4ab/a4df1119f1b9aebc7684b8e4fe.jpg,https://cdn.hometogo.com/large/v1/3fe/edd/ae79962a2e47b9e3e6a3998bb5.jpg,0,-7.79376E+18,-7.79376E+18
310e234ba88dade9,9bfea83a8290fab299c0f2911823f2c1,same,https://cdn.hometogo.com/large/v1/b58/4ab/a4df1119f1b9aebc7684b8e4fe.jpg,https://cdn.hometogo.com/large/v1/c0a/503/8d09d9ac6d253f2a79bd3729c5.jpg,0,-7.79376E+18,-7.79376E+18
31ee2e28c976c1e6c12c831b435960f5,87a046052a64c3b1ddfa2af8e2769d8c,watermark,https://cdn.hometogo.com/large/v1/8ae/72c/285e255ba51a94a27b8105c155.jpg,https://cdn.hometogo.com/medium/v1/551/0bc/98821a3db00cc900c56351bd97.jpg,4,3267452611252804043,3267461064822184395
320d813a8caecdfdd535d03564497a2e,e2411c1b9fb3b31c,"aspect-ratio,crop,resolution,zoom",https://cdn.hometogo.com/medium/v1/4de/f57/f3502e08a9b90bbb9808e5665f.jpg,https://cdn.hometogo.com/large/v1/1cc/bc2/d8b739b35fd60ad1fc3fac6211.jpg,20,-8.27228E+18,1833782561435986849
3264801f0258ca2f6bbf13d4c890d226,za866bf876ab009b9,"aspect-ratio,crop,resolution",https://cdn.hometogo.com/medium/v1/3e4/ee1/a44b7d35c2751f513ea1bf3ce8.jpg,https://cdn.hometogo.com/medium/v1/693/007/df91bf3dff2f905ab1feeea629.jpg,10,-7.94376E+18,1225575064733199423
3545dcb987688c13,bb8003a4687a36b6,illumination,https://cdn.hometogo.com/medium/v1/5e2/7b0/09773b96f063e67007ff73bf73.jpg,https://cdn.hometogo.com/medium/v1/677/6dd/b839ca618e6b45c458177be7d3.jpg,2,-1.14782E+18,-1.14782E+18
37f80b2123ce19e0cf2cf27854261a6e,e7be49245f536ec9e517f14dedcf889e,"aspect-ratio,crop,resolution,watermark,zoom",https://cdn.hometogo.com/medium/v1/328/edb/cc01b4b6e438a206f2cb8d7241.jpg,https://cdn.hometogo.com/large/v1/ba0/635/ca15a4160a769e9f4fa4b1e7f3.jpg,8,3554066544388105655,2546247056588694967
38262e08c1c8ffcc82f98cd8a370bd26,a452a4a2b5c14308cc68d2a7ca1a894d,same,https://cdn.hometogo.com/large/v1/4cf/2c1/700b7fa4892c2017a26816293c.jpg,https://cdn.hometogo.com/large/v1/7a1/d02/2dfaecdb9c1bf029c1ec37feac.jpg,0,3911905205511658397,3911905205511658397
3905fdcd5e3220c06c8fbfeb69ea03d0,cde7d42e59985826c01e0455f4150699,watermark,https://cdn.hometogo.com/large/v1/913/d92/c263cc542739810c1a80817a85.jpg,https://cdn.hometogo.com/medium/v1/abc/866/58946cbb2f6e4e15846ad8079d.jpg,2,-5.4261E+17,-5.60624E+17
3925d8ba7431717ec873f49bf5598fe2,730272a550f7673bab0b94f5c423c08e,"angle-15-30,illumination",https://cdn.hometogo.com/large/v1/abd/f48/104efe1ba7c751aa98ba83a374.jpg,https://cdn.hometogo.com/large/v1/1ff/0e8/75ab835ea01af524b75fe284e7.jpg,28,3758171107900841195,6547337359238859995
396a230556e1d3f4,45498e37602a1204,"resolution,same",https://cdn.hometogo.com/large/v1/54b/764/6e209607183362977f6f1b7b17.jpg,https://cdn.hometogo.com/large/v1/8d9/7e1/0fd0aae997f66c68725d0ce10a.jpg,0,482340796245629735,482340796245629735
399bb4ecbd29d913,daab7aba36763558c35c14d823ecba36,resolution,https://cdn.hometogo.com/large/v1/be2/694/409c6283ba85c485ada3f10497.jpg,https://cdn.hometogo.com/large/v1/62b/a5a/7be46f1aa50e9ad9b025bfe250.jpg,0,-3.67348E+18,-3.67348E+18
3a22e24cdcec2b5fd0fcde3444984f09,8531f34dd0094ab4,"aspect-ratio,crop,same,same",https://cdn.hometogo.com/large/v1/340/62b/a37d4e854dd6d34c77aa227aca.jpg,https://cdn.hometogo.com/large/v1/676/b5a/44e742f3c2ce725925e8b55571.jpg,2,7001934357918128383,7290094365325662463
3a3e1eaa47b027a9b82467941afb747e,b969917afb89b62539f3d6798ad08f67,same,https://cdn.hometogo.com/medium/v1/e5d/7bb/f825d9b36cbdd01b3f1ac76385.jpg,https://cdn.hometogo.com/medium/v1/312/8e6/d1ca788c5a1af45d6987f237b1.jpg,0,8249622976285907149,8249622976285907149
3ad9da26a8babf118276936e074a7867,ddea553565904dcf,"aspect-ratio,resolution",https://cdn.hometogo.com/medium/v1/288/266/f6d041d1776601a7b9e9bdd8b4.jpg,https://cdn.hometogo.com/medium/v1/4bb/9ea/e7eb62b47a92403d1e332d14bf.jpg,28,5357790034549617035,-7.37146E+18
3cb809f249ad627f,65894bb3817450c5,"aspect-ratio,crop,zoom",https://cdn.hometogo.com/large/v1/ca9/d7b/9c59ba0b2ddbfc3d4e7fd63685.jpg,https://cdn.hometogo.com/large/v1/bf1/bfa/fc975676575695c7301f7081da.jpg,14,7289469198496592535,7361614756681757303
3cc1e55432ddcbbb,9de0b4cd4969f1ca8eb1857adeeb1755,"resolution,watermark",https://cdn.hometogo.com/medium/v1/cae/de4/de9d10da6ef784901b84f0c9b6.jpg,https://cdn.hometogo.com/medium/v1/9b2/9ef/5ed6ddc260c44235a5922997d1.jpg,0,3086627425337346759,3086627425337346759
3d413aeb48479a45480aa61c04c634dc,c51409157e485f26674e5b7c531554fd,same,https://cdn.hometogo.com/medium/v1/8d4/d0f/ea959862eb3eabab617849ec1c.jpg,https://cdn.hometogo.com/medium/v1/e7e/928/ac39032c6c30e03648d86df300.jpg,0,6258672289306796633,6258672289306796633
3d9aee8c501483aa6091b8869446ad78,730272a550f7673bab0b94f5c423c08e,same,https://cdn.hometogo.com/large/v1/430/ab8/c8797c559dea8bc18103f271db.jpg,https://cdn.hometogo.com/large/v1/1ff/0e8/75ab835ea01af524b75fe284e7.jpg,0,6547337359238859995,6547337359238859995
3d9aee8c501483aa6091b8869446ad78,59ba5eb38a9cb80568d6f54370e8b3d9,"angle-15-30,renovation",https://cdn.hometogo.com/large/v1/430/ab8/c8797c559dea8bc18103f271db.jpg,https://cdn.hometogo.com/large/v1/3de/cd7/3518bde624e6ef21fd8e7ae9d6.jpg,28,6547337359238859995,3758171107900841195
3f38e2c37b1f1ab0,401499a54a900f7bf2377e7fabd3e8da,"crop,zoom,angle-15-30",https://cdn.hometogo.com/large/v1/d9c/0dc/490f83902172480f024f80c374.jpg,https://cdn.hometogo.com/medium/v1/bba/c4d/c7b972fb41d81f1b97c33c7e0e.jpg,34,403303590026635733,-3.83509E+18
3f38e2c37b1f1ab0,6950d62ceb24632e,angle-15-30,https://cdn.hometogo.com/large/v1/d9c/0dc/490f83902172480f024f80c374.jpg,https://cdn.hometogo.com/medium/v1/401/6cb/addeb4b48fe81076510c64276f.jpg,34,403303590026635733,-3.83509E+18
3fe2637c104b1135,ee58666e2211f697b7efe5c25751b3c1,"aspect-ratio,angle-15-30",https://cdn.hometogo.com/large/v1/cc7/64c/a21da49f2748c79691bf9ad603.jpg,https://cdn.hometogo.com/large/v1/38a/71a/4b7737dfb3c27b0e85136d9ed9.jpg,32,5289926440559357945,-2.35922E+16
401499a54a900f7bf2377e7fabd3e8da,b0de7d78c52e6a2c1709c2140373c21b,same,https://cdn.hometogo.com/medium/v1/bba/c4d/c7b972fb41d81f1b97c33c7e0e.jpg,https://cdn.hometogo.com/medium/v1/c19/2d5/1feba6c65b2762e20a5a8704e9.jpg,2,-3.83509E+18,-3.97906E+18
40d2dddde20b1038,fc8194a3194fc739,same,https://cdn.hometogo.com/medium/v1/3e5/b8b/d18ef940031146f75b1228e5e2.jpg,https://cdn.hometogo.com/medium/v1/574/966/c36b95c597de24dd26d93a5a20.jpg,0,-7.81114E+18,-7.81114E+18
410b6d014b99852bcb70464fcc3007b6,bb5c73aac85a432ec348493bbc33c3c1,same,https://cdn.hometogo.com/small/v1/e5f/868/cacfa5c1d5f8e36da87c909ba1.jpg,https://cdn.hometogo.com/small/v1/d11/a38/71704759244773826d8171c8e0.jpg,0,-6.19209E+18,-6.19209E+18
41f58777f9398ae3,a7bbd7ab84fcd385,same,https://cdn.hometogo.com/medium/v1/fc0/b83/603d39c43a31220c9ad08cf521.jpg,https://cdn.hometogo.com/medium/v1/2ac/c19/91814a6526b4aa2dfa44f98f0d.jpg,0,1322217770726899205,1322217770726899205
4234db6afd949885,5683db23d009011b9f5ea22fa28e1c71,"aspect-ratio,crop,resolution",https://cdn.hometogo.com/large/v1/56e/b4f/3c3a165970549c21bbab97af43.jpg,https://cdn.hometogo.com/small/v1/a52/5a9/f5a88980ad8b3073b53198e886.jpg,32,2749783170678913143,7767695621712825539
432323045778c981,75a54bad815a2e9c25ddf772207889b2,"resolution,watermark,angle-15-30",https://cdn.hometogo.com/large/v1/b99/93e/11cbd52a4f7abfe87760606116.jpg,https://cdn.hometogo.com/medium/v1/0f0/3ea/86670b4d8b7e45ca339f5b68a6.jpg,34,-3.76012E+18,7596618927199039511
441b7745cd47959f,579a0af178396678,"angle-15-30,illumination",https://cdn.hometogo.com/large/v1/4b8/4e6/97dbb7b40dc0bbaf92f83103d7.jpg,https://cdn.hometogo.com/large/v1/c34/9ce/521126dd16bede58d8c899bfbb.jpg,30,676596633647560503,1788239054867187495
4432ee552af7b234,cbb511fd8dc1197eb221d28143a2bad9,"crop,zoom,illumination,renovation",https://cdn.hometogo.com/large/v1/e99/2c6/86af803b16d00030a480102365.jpg,https://cdn.hometogo.com/large/v1/190/f11/46a75b875c264a3a9353393689.jpg,32,4628786013285282767,-2.21487E+18
459aaba64aaea635,51edf4633b088d62,same,https://cdn.hometogo.com/medium/v1/4e3/5b9/ded652b862255be350ce71da13.jpg,https://cdn.hometogo.com/medium/v1/d90/0bf/e08c8e1f9860f69c76f54bbc60.jpg,0,-7.81114E+18,-7.81114E+18
46753fda4564aa2ee6d03c814971c7c4,5a05cf9facfcbdb563dfedad7ed0a79f,"aspect-ratio,crop,resolution,watermark",https://cdn.hometogo.com/medium/v1/bb7/c38/1e6b9ae48c77a3d1e2d505682b.jpg,https://cdn.hometogo.com/medium/v1/aea/8d0/ac7f85bf8e752de0ad708d945a.jpg,10,-8.98823E+18,-2.03524E+18
46872c30fa2dc1a94881250826bb4e33,8c97c1d5234f710a2609c8d2324d1cae,zoom,https://cdn.hometogo.com/large/v1/a2a/88a/85eae15f83c7834475e3c2b073.jpg,https://cdn.hometogo.com/large/v1/5c0/d81/3aacee21bcbd02c5519199bd2d.jpg,12,-5.52808E+18,3691015885228648079
46872c30fa2dc1a94881250826bb4e33,f1a660ea96f106d2,"crop,zoom",https://cdn.hometogo.com/large/v1/a2a/88a/85eae15f83c7834475e3c2b073.jpg,https://cdn.hometogo.com/large/v1/cef/91a/f46fe81fa371e58a8d69497550.jpg,12,-5.52808E+18,3691015885228648079
489a34a3eb804d46,5879d8b91e80f848,"same,same",https://cdn.hometogo.com/large/v1/14c/c2a/875803505882f71dbcac04e5af.jpg,https://cdn.hometogo.com/large/v1/ea2/f36/ffdcc6b382e6be8d746078ded2.jpg,0,3912785024831351939,3912785024831351939
4902822e4a52c34a,af3d19f65cd4044e115bd91d610f7270,same,https://cdn.hometogo.com/large/v1/ff3/aae/aec3e1d6dd5c5a3ea96512ce51.jpg,https://cdn.hometogo.com/large/v1/742/5c7/1dcf0c50438caa17912ce7f4d5.jpg,0,538273626745313895,538273626745313895
494b6d1e0413d4b7,7c9aa5e318d1a33fb9d3ef380c5b03ad,"resolution,angle-15-30,illumination",https://cdn.hometogo.com/large/v1/cf2/581/1e73126a6732d4d0bd12915876.jpg,https://cdn.hometogo.com/medium/v1/aa5/256/40d52fed8921fafe05f2ff7113.jpg,0,-2.39623E+17,-2.39623E+17
494b6d1e0413d4b7,b665bdd2f7aae55e,"zoom,angle-15-30,illumination,renovation",https://cdn.hometogo.com/large/v1/cf2/581/1e73126a6732d4d0bd12915876.jpg,https://cdn.hometogo.com/medium/v1/156/cb9/7a123673f54b7c107417b76bc4.jpg,20,-2.39623E+17,909191091666067775
4b514d909024e898,e00eb6d6966caea2,class-different-object,https://cdn.hometogo.com/large/v1/83d/28a/c56e169d65d49f8f0b95f88292.jpg,https://cdn.hometogo.com/large/v1/193/b24/42b0ff97730a0bcab6cfd176ed.jpg,30,6144617694421231291,815629209629771175
4b572c270424f91e,e4e7c6d91acb8c8b,"crop,zoom",https://cdn.hometogo.com/large/v1/d5d/04d/52235d3152300874f2843212af.jpg,https://cdn.hometogo.com/medium/v1/ccb/8b0/093f260a0fcabd216eb89b45fa.jpg,24,-1.0362E+18,3141205949516483939
4baf9d1f2eb2d673,bd4790d2ea9d990177448482b04f7db2,"crop,zoom,same",https://cdn.hometogo.com/large/v1/95a/27c/1fcbc20496e4a4308471e124b7.jpg,https://cdn.hometogo.com/large/v1/e38/71a/ad2790ed718ed8c52b01c0849f.jpg,18,-3.67348E+18,6464118490601526009
4db39dfb32ad985c633c3b321c94f380,7c9aa5e318d1a33fb9d3ef380c5b03ad,"resolution,watermark",https://cdn.hometogo.com/medium/v1/4fb/874/e53574520b908003e7daaa1ea2.jpg,https://cdn.hometogo.com/medium/v1/aa5/256/40d52fed8921fafe05f2ff7113.jpg,20,909182295573045631,-2.39623E+17
4db39dfb32ad985c633c3b321c94f380,z9635c6bb3bf9b635,"aspect-ratio,watermark,zoom,illumination,renovation",https://cdn.hometogo.com/medium/v1/4fb/874/e53574520b908003e7daaa1ea2.jpg,https://cdn.hometogo.com/medium/v1/6f5/9dc/8d784c8fe2b61af1b0b8ea3645.jpg,22,909182295573045631,-5.27888E+17
4db39dfb32ad985c633c3b321c94f380,e3ccfe88fe8ee375,"watermark,angle-15-30,illumination",https://cdn.hometogo.com/medium/v1/4fb/874/e53574520b908003e7daaa1ea2.jpg,https://cdn.hometogo.com/medium/v1/d1f/16a/3aa36833ae4fd7b3fde70dec1e.jpg,20,909182295573045631,-2.39623E+17
4e6162e41009cd9b,ccf8c3424d79778db4c25d01026347bf,"aspect-ratio,crop,zoom",https://cdn.hometogo.com/large/v1/d48/1e8/0700c3f5d30ab78c31c9e43c80.jpg,https://cdn.hometogo.com/medium/v1/dce/ae6/34e171cf58086839d64b01d6b9.jpg,14,-5.57381E+18,-3.27261E+18
504cd71f68d18365,522c14efdc789a6fdd75f10865aab976,"aspect-ratio,crop,watermark,illumination",https://cdn.hometogo.com/large/v1/dc3/702/7712afd0a85c5e58670a6a6bea.jpg,https://cdn.hometogo.com/medium/v1/302/b1a/0ce7728ebe57bb401204ebb43f.jpg,12,6617515856533931471,5445605768952464719
504cd71f68d18365,f11b9263db3d65f7,"aspect-ratio,crop,resolution,zoom,illumination",https://cdn.hometogo.com/large/v1/dc3/702/7712afd0a85c5e58670a6a6bea.jpg,https://cdn.hometogo.com/large/v1/2ed/531/579f05fb6f267f41740ebfdbc3.jpg,10,6617515856533931471,5463615769415435599
508a0c909e6b86be2920b525406f61f2,f488454d07599666,same,https://cdn.hometogo.com/medium/v1/e1d/2bd/f61df024d60ec23d549e89725a.jpg,https://cdn.hometogo.com/medium/v1/93e/cc3/f2645ac967efbd7b0f702ab19f.jpg,0,-2.81E+18,-2.81E+18
51edf4633b088d62,9594fb52fffbfc24,same,https://cdn.hometogo.com/medium/v1/d90/0bf/e08c8e1f9860f69c76f54bbc60.jpg,https://cdn.hometogo.com/medium/v1/4e2/ba5/a0c346447b3e25c0f4debbf4fc.jpg,0,-7.81114E+18,-7.81114E+18
51edf4633b088d62,6c2dbdff5e690a51,same,https://cdn.hometogo.com/medium/v1/d90/0bf/e08c8e1f9860f69c76f54bbc60.jpg,https://cdn.hometogo.com/medium/v1/0eb/23f/136313d22ec4e68986772e0903.jpg,0,-7.81114E+18,-7.81114E+18
51edf4633b088d62,b70fbc34f5251d38,same,https://cdn.hometogo.com/medium/v1/d90/0bf/e08c8e1f9860f69c76f54bbc60.jpg,https://cdn.hometogo.com/medium/v1/cee/253/9090b288e28d9ee5bee7f0c467.jpg,0,-7.81114E+18,-7.81114E+18
52145147b7f0fc24437557131dc59d4e,867494d1b17985ee0064c00ec57f5ded,same,https://cdn.hometogo.com/medium/v1/934/541/ec0e89703c3e1b660a1400af3a.jpg,https://cdn.hometogo.com/medium/v1/fdc/ea7/83b64a4851021195a7eaabcd5a.jpg,0,4357539011540670533,4357539011540670533
522c14efdc789a6fdd75f10865aab976,aa7d21b2d375cded,"resolution,watermark",https://cdn.hometogo.com/medium/v1/302/b1a/0ce7728ebe57bb401204ebb43f.jpg,https://cdn.hometogo.com/large/v1/359/71e/74c31eec7fdb4ebd22b915574a.jpg,8,5445605768952464719,5463610409287894351
5296bfa46a15c7b2,e03371ae5fa3e2a5,"resolution,zoom,season,weather",https://cdn.hometogo.com/medium/v1/a13/c87/9efa3119040e2478111729289d.jpg,https://cdn.hometogo.com/small/v1/ee4/302/885da03057fb1d44cdc947e413.jpg,26,3761378588921968935,2617626725435415247
52bf73531de4052d,6f8d958ab38a4c9a,"aspect-ratio,angle-15-30",https://cdn.hometogo.com/large/v1/f4f/c50/f4622665dfea9aff69d59c99f3.jpg,https://cdn.hometogo.com/large/v1/376/df9/b48f6b7b97ce8601d6fdfe85a6.jpg,24,-3.32948E+18,-7.81302E+18
53e102c46a79f2b27835da6aa40ced6b,f86e5c825f709609,"aspect-ratio,crop,zoom",https://cdn.hometogo.com/large/v1/b0d/e72/719446b8331e153209826deaba.jpg,https://cdn.hometogo.com/large/v1/304/1fc/1991be273bc46e62b643ea95f6.jpg,6,2730912250888148055,-6.20423E+18
5451c824c739aaa2,5aa4c227ad82ae5ab080a2babcb7bee7,"aspect-ratio,angle-15-30",https://cdn.hometogo.com/large/v1/9ea/84d/28a228d2908006ecd7e7f5daf6.jpg,https://cdn.hometogo.com/medium/v1/2cb/376/cb71520437f2dcf4de562ac43b.jpg,28,-9.16439E+18,-8.93109E+18
5683db23d009011b9f5ea22fa28e1c71,f02069fcc5638b95,"aspect-ratio,crop,resolution,zoom",https://cdn.hometogo.com/small/v1/a52/5a9/f5a88980ad8b3073b53198e886.jpg,https://cdn.hometogo.com/large/v1/f66/55c/78df4a043b859dae6f5b8d9cb3.jpg,32,7767695621712825539,2749783170678913143
56b48fa7d7dc7f51f326f0c5e69e64e9,zd5bb418a4d842f39,"aspect-ratio,crop,zoom",https://cdn.hometogo.com/large/v1/99b/b58/4bde50444f2fe660831c62abfa.jpg,https://cdn.hometogo.com/medium/v1/cb0/ac5/af5743ee1cfabc4edd9cc1e6e1.jpg,6,-8.7773E+18,-4.16583E+18
5839983b8a5037f436cc36fefedf1573,abeb4da376f61d3426a338cb09662c98,"aspect-ratio,zoom,angle-15-30,illumination",https://cdn.hometogo.com/medium/v1/0c1/128/b34696f59168ef3d03e5bfdf4e.jpg,https://cdn.hometogo.com/large/v1/247/0d1/92b604e25ef462523bf45f904c.jpg,26,-5.44633E+18,3532626585871092655
5879d8b91e80f848,97ed0554fcafaee0d9f28e18d7a07718,"aspect-ratio,crop,zoom",https://cdn.hometogo.com/large/v1/ea2/f36/ffdcc6b382e6be8d746078ded2.jpg,https://cdn.hometogo.com/large/v1/44c/ff2/1d832d6ce1cbc4c0b722de55bb.jpg,12,3912785024831351939,2377629246371294403
5a05cf9facfcbdb563dfedad7ed0a79f,f86304e441c664fdacbf79275afbe243,"resolution,watermark",https://cdn.hometogo.com/medium/v1/aea/8d0/ac7f85bf8e752de0ad708d945a.jpg,https://cdn.hometogo.com/large/v1/5af/6c2/e32dfabdf5270201ffc6a12249.jpg,6,-2.03524E+18,-8.9432E+18
5aa4c227ad82ae5ab080a2babcb7bee7,e7b3eeee040cf8d0,"aspect-ratio,crop,zoom",https://cdn.hometogo.com/medium/v1/2cb/376/cb71520437f2dcf4de562ac43b.jpg,https://cdn.hometogo.com/large/v1/ceb/f8c/379f514302296e06df8274f46d.jpg,22,-8.93109E+18,723612301029376463
5c9376fde16b3d22,e69e8308818c52ee,"illumination,season",https://cdn.hometogo.com/large/v1/8be/b27/6b5cf30d1c3b0af1ac3d2734b2.jpg,https://cdn.hometogo.com/large/v1/e84/177/7c997c036c6327f0a33e9464a0.jpg,4,3803911222348402023,3803907373252398439
5cf0a90a79a188bf,7a557dac18c01ff5,"watermark,watermark,watermark,illumination",https://cdn.hometogo.com/large/v1/b50/06a/ea7b0f35587b68b33524e515a9.jpg,https://cdn.hometogo.com/medium/v1/63f/fa3/81257a64722258d1641395646d.jpg,4,7578757907404666323,8731644244819292627
5eb5af5ee21fd9da,666aa6454c09063d5ad4059286639c8d,"illumination,illumination",https://cdn.hometogo.com/large/v1/041/01f/da2677687501b0c1c2a49ef825.jpg,https://cdn.hometogo.com/medium/v1/cb2/5f2/837dc53b8d967c35d95ce68ac1.jpg,8,929464566179685127,-3.68307E+18
6184e8fd00cf8b47,d73777422d05789d,same,https://cdn.hometogo.com/medium/v1/d19/89e/1b4c732782f94e5f1225984386.jpg,https://cdn.hometogo.com/medium/v1/24d/638/473ae807761e37df5104389bbc.jpg,0,-3.57004E+18,-3.57004E+18
6296989a0e2c4a63,9003be0f9c6475b197008d3aecd75fd2,"aspect-ratio,crop,watermark,zoom",https://cdn.hometogo.com/medium/v1/493/2cf/da731d3fe154ca87eeb72569b4.jpg,https://cdn.hometogo.com/medium/v1/4c2/3f4/61aa5510bf0ceea446c506d659.jpg,8,1949557795516902149,1809598743945734917
63663a2b37cf81ad,77818dc3cb50e30c7e27e6073c5d24f5,"aspect-ratio,aspect-ratio,aspect-ratio,crop,crop,crop,zoom,zoom,zoom",https://cdn.hometogo.com/large/v1/dc8/d17/2dbc80a46002b43e5a4b37f785.jpg,https://cdn.hometogo.com/large/v1/c4e/27d/440e1956ca6bc4fd042536ad08.jpg,12,-3.82981E+18,-4.01009E+18
63df63b59764c1efdb98ddddfa3980b2,cacbb946faee22e1,"aspect-ratio,crop,watermark,zoom",https://cdn.hometogo.com/medium/v1/61b/45f/ed3e6f3fc4ca1ebfd6358f7372.jpg,https://cdn.hometogo.com/medium/v1/a20/267/ca73777a372cfaa6a3ec87fa31.jpg,6,3546900697152796303,-5.74839E+18
6419973903220daa,zd5bb418a4d842f39,aspect-ratio,https://cdn.hometogo.com/large/v1/57b/465/ad795e25f2acbdfb8d14bc3af5.jpg,https://cdn.hometogo.com/medium/v1/cb0/ac5/af5743ee1cfabc4edd9cc1e6e1.jpg,6,-8.7773E+18,-4.16583E+18
64915ac2a65da96e,97ed0554fcafaee0d9f28e18d7a07718,"aspect-ratio,crop,zoom",https://cdn.hometogo.com/large/v1/555/4b0/18d05c701e10e6ee28236f553f.jpg,https://cdn.hometogo.com/large/v1/44c/ff2/1d832d6ce1cbc4c0b722de55bb.jpg,12,3912785024831351939,2377629246371294403
65894bb3817450c5,f5088316ac6a16c3,"aspect-ratio,crop",https://cdn.hometogo.com/large/v1/bf1/bfa/fc975676575695c7301f7081da.jpg,https://cdn.hometogo.com/large/v1/d35/231/880f337f59e1c39fc8e7a935ab.jpg,14,7361614756681757303,7289469198496592535
682de6569640a5e5b8da5e6449082dc7,da4738eb5e5a3828d19b42d7823ac4f7,same,https://cdn.hometogo.com/medium/v1/fe4/249/eb8d0b9e5ed8dc1f3b7fa508fb.jpg,https://cdn.hometogo.com/medium/v1/2ce/ffb/5a237f3c1ab5cd1be4dfa0a12d.jpg,0,695341308384101963,695341308384101963
6b4ff057b5108533cc2fd551da1a3b9d,aa7d21b2d375cded,"aspect-ratio,crop,zoom,illumination",https://cdn.hometogo.com/large/v1/6a9/8bb/dc4cb963238924cbd049f62315.jpg,https://cdn.hometogo.com/large/v1/359/71e/74c31eec7fdb4ebd22b915574a.jpg,12,6617515856533931471,5463610409287894351
6b4ff057b5108533cc2fd551da1a3b9d,892d5f0f88c570b8,"aspect-ratio,resolution,illumination",https://cdn.hometogo.com/large/v1/6a9/8bb/dc4cb963238924cbd049f62315.jpg,https://cdn.hometogo.com/medium/v1/48f/4a1/9d130ce261a57b21ecc8f7ee56.jpg,8,6617515856533931471,5464741685436630351
6d033297f31e0d6219110422263347a8,c204b7641c0d6013e51cff0d4af4b6ba,same,https://cdn.hometogo.com/large/v1/8c5/e56/524b732d3f299b5dfbd6bb9e4a.jpg,https://cdn.hometogo.com/large/v1/c26/c06/8c3af0a575ae20af63053090f5.jpg,0,-7.79376E+18,-7.79376E+18
6d6e3fdfabc8a04a44ec9ee1ebae1610,fa59cedef955c12d,angle-15-30,https://cdn.hometogo.com/large/v1/cb0/dd0/7568dd8b1f6b1ac4c3b21f5616.jpg,https://cdn.hometogo.com/large/v1/8b6/531/eaea74950959770c5f365f91ee.jpg,36,-7.68244E+18,4254965498581872325
6dde4b09793212ba,z9635c6bb3bf9b635,aspect-ratio,https://cdn.hometogo.com/medium/v1/00b/483/8433be0a97246328c4b203a547.jpg,https://cdn.hometogo.com/medium/v1/6f5/9dc/8d784c8fe2b61af1b0b8ea3645.jpg,4,-2.39623E+17,-5.27888E+17
6e746c89a47f6f5c38b754104ffb4c79,c19b32f2b5951d72175d0666b0197dca,"aspect-ratio,crop",https://cdn.hometogo.com/large/v1/b71/116/0bf75204a399b440c899c87337.jpg,https://cdn.hometogo.com/medium/v1/5e4/b29/ecfb7e5301e44193b9157407ce.jpg,2,6455246297123629617,6455246279943760435
6fbb86c717ccb41d,9e39c585a4c73d07870f062ff15fdd61,resolution,https://cdn.hometogo.com/large/v1/809/7eb/fa970a451d99f7bce075f0f38e.jpg,https://cdn.hometogo.com/large/v1/ef9/934/29e9e2e771ae500a3a84e56904.jpg,0,-3.67348E+18,-3.67348E+18
6fe4c80965196907b777082d0c7941a8,bb5c73aac85a432ec348493bbc33c3c1,same,https://cdn.hometogo.com/small/v1/6c3/5f1/63e128adbb1c35b3d57693d0ca.jpg,https://cdn.hometogo.com/small/v1/d11/a38/71704759244773826d8171c8e0.jpg,0,-6.19209E+18,-6.19209E+18
70358487234c72bf,e13299e10f3bcd06,"crop,resolution,zoom",https://cdn.hometogo.com/medium/v1/339/4ab/faa5a5e3d45ebf5b7827e0e741.jpg,https://cdn.hometogo.com/large/v1/124/0fe/e3c952d83c90c58a0b670c8291.jpg,14,-1.10434E+18,8416721111395093703
710bd85ec6b2707d,7c6f2f3c82d4f64c,same,https://cdn.hometogo.com/medium/v1/945/0f4/e32207bcaa61e122d2d238d233.jpg,https://cdn.hometogo.com/medium/v1/29b/5a5/6747e3e6e82fa62445ca846536.jpg,0,4186840920019589869,4186840920019589869
710bd85ec6b2707d,d017dfe9ece1333c,same,https://cdn.hometogo.com/medium/v1/945/0f4/e32207bcaa61e122d2d238d233.jpg,https://cdn.hometogo.com/medium/v1/4c2/5d6/2528e26dfd55593c1059507dbe.jpg,0,4186840920019589869,4186840920019589869
710bd85ec6b2707d,a2eb24829cbd3eb5,same,https://cdn.hometogo.com/medium/v1/945/0f4/e32207bcaa61e122d2d238d233.jpg,https://cdn.hometogo.com/medium/v1/2c3/4e7/9accf8045d98c2d0f3778ca00b.jpg,0,4186840920019589869,4186840920019589869
710bd85ec6b2707d,f034d0648ab16fba,same,https://cdn.hometogo.com/medium/v1/945/0f4/e32207bcaa61e122d2d238d233.jpg,https://cdn.hometogo.com/medium/v1/6c1/47c/b1d71cd6a4cf3b12da489cb166.jpg,0,4186840920019589869,4186840920019589869
7117202314ebf817,bc833050aeb1cb60d4f88ea82168f6a6,same,https://cdn.hometogo.com/medium/v1/854/559/560129c01130c7fb643936ce68.jpg,https://cdn.hometogo.com/medium/v1/760/c33/5ebd66dedabd2399cfefaae2f7.jpg,0,-2.69595E+18,-2.69595E+18
7117202314ebf817,bb99ab407a489280,"aspect-ratio,crop,zoom",https://cdn.hometogo.com/medium/v1/854/559/560129c01130c7fb643936ce68.jpg,https://cdn.hometogo.com/large/v1/3fa/e07/aa30829bcdffc875372eb55876.jpg,10,-2.69595E+18,-3.29944E+18
728e845b3f9df7be533515d8c320585a,a20edb31fd9bcc278a2374287fd0bf03,angle-15-30,https://cdn.hometogo.com/large/v1/d55/b37/76ac2edfc6da3fa180260f6662.jpg,https://cdn.hometogo.com/large/v1/eef/d3e/5f70e1a2e71678126626d7ece7.jpg,24,2797409994984008943,-4.68986E+18
736f0141a412197098b5575f94982e9e,93d0cb74e58a9a868666361b99d787c7,same,https://cdn.hometogo.com/medium/v1/829/ddd/97e9d06e85c569912eea724718.jpg,https://cdn.hometogo.com/medium/v1/4c5/348/cde5eb6f88d94b3e216bd5549e.jpg,0,7201635844497667323,7201635844497667323
73ac19aaf23d00fb469ae1f9dbbe6545,796b11b2f1050a3009b484c467c0f699,same,https://cdn.hometogo.com/small/v1/1b6/971/4e666d48c4ad7f2d2b849643dd.jpg,https://cdn.hometogo.com/small/v1/f0d/88f/6e8bc14f31df16edd07e7e83ff.jpg,0,-6.19209E+18,-6.19209E+18
73ac19aaf23d00fb469ae1f9dbbe6545,bb5c73aac85a432ec348493bbc33c3c1,same,https://cdn.hometogo.com/small/v1/1b6/971/4e666d48c4ad7f2d2b849643dd.jpg,https://cdn.hometogo.com/small/v1/d11/a38/71704759244773826d8171c8e0.jpg,0,-6.19209E+18,-6.19209E+18
74f32dfac079ce36,c079a64deb52d5cdadaca026d91ae4ed,class-different-object,https://cdn.hometogo.com/large/v1/e3c/602/7a70c3173ec69693a366e6598a.jpg,https://cdn.hometogo.com/medium/v1/558/3df/ec5a9b6366fef3f9500c58220b.jpg,28,7074775192836846883,3696773638232140087
7527caed51a7ab7e,z120122416baf0ad8,"angle-15-30,season,weather",https://cdn.hometogo.com/large/v1/85e/42e/1709df47a3e0b01fc272bc555e.jpg,https://cdn.hometogo.com/medium/v1/385/b35/bddc5b443661fe956826580a59.jpg,28,2457686674116888343,3759125092731338599
7527caed51a7ab7e,9ecdf9a3b12ab7593547b4ebd62d1e2d,"aspect-ratio,resolution,zoom,angle-15-30",https://cdn.hometogo.com/large/v1/85e/42e/1709df47a3e0b01fc272bc555e.jpg,https://cdn.hometogo.com/medium/v1/8ec/2ad/14a741fa8350c1973d637a9e68.jpg,24,2457686674116888343,4165980667340047951
7527caed51a7ab7e,8f838a34a2d6e14d,resolution,https://cdn.hometogo.com/large/v1/85e/42e/1709df47a3e0b01fc272bc555e.jpg,https://cdn.hometogo.com/large/v1/65c/101/da07d11cb7b622ee7c763f0c0c.jpg,2,2457686674116888343,2457682293250246423
7a5846e31f6aebe3,f2a0bcc8208cb4de,"aspect-ratio,crop,zoom",https://cdn.hometogo.com/large/v1/9c6/a56/f7e792f2e24230070f4fa23776.jpg,https://cdn.hometogo.com/large/v1/aa5/74b/3a1796c618b2b7711852fa0a22.jpg,14,-1.35007E+18,-8.71458E+18
7a9a2b13d3d865d3,acd58dc4f7e5d25a,same,https://cdn.hometogo.com/large/v1/414/c6c/51af827de9851c1d7a49a67198.jpg,https://cdn.hometogo.com/large/v1/414/c6c/51af827de9851c1d7a49a67198.jpg,0,-6.82942E+18,-6.82942E+18
7af5d3abc77bae5c9ff4690a931a2cfb,8e58c63d7a08dc32,"aspect-ratio,crop,resolution,watermark,zoom",https://cdn.hometogo.com/medium/v1/97f/00d/fd4bb3ead37bdb97eed07b13d1.jpg,https://cdn.hometogo.com/medium/v1/eac/7b6/2d060637f8725f4d323c134b8d.jpg,10,5422399531310089375,4814396260012228831
7b8a715f7419109e38630e86d1d0ad6c,b65704ee720d70c40fbe5c0daad5e41b,"aspect-ratio,aspect-ratio,aspect-ratio,crop,crop,crop,resolution,zoom,zoom,zoom",https://cdn.hometogo.com/large/v1/bb5/ef1/f06cd2fdb8980940bbe3faf88d.jpg,https://cdn.hometogo.com/large/v1/afe/c46/568fea561d23e03719a049b8e0.jpg,26,3785577754514606669,-1.20117E+18
7bb678a85ed45db9,879e3b8e20f4a1b1,"aspect-ratio,crop,resolution,zoom",https://cdn.hometogo.com/medium/v1/d9b/053/ecd993bae330617c37f0770c78.jpg,https://cdn.hometogo.com/large/v1/8c1/bd1/863787540a6ef6697e83aa101f.jpg,18,2913393212079185487,8213707008390665807
7c2dc7090d441535de7fadf0f87f0c85,f2ed4f8a1201156bb6dd0e312f0fed45,"aspect-ratio,crop,zoom",https://cdn.hometogo.com/large/v1/dfc/b2d/6e7a0dacd9bb3eb7c34e911cf5.jpg,https://cdn.hometogo.com/medium/v1/5d5/47d/d7d2b473de73c2c00d5be0e77b.jpg,18,277666742959128767,849135885915054303
7ce21fe76e8257b6b453eefdbd090ae1,e435f372dc838ba6,"aspect-ratio,crop,zoom",https://cdn.hometogo.com/large/v1/3fe/edd/ae79962a2e47b9e3e6a3998bb5.jpg,https://cdn.hometogo.com/large/v1/6cb/9cd/3a83a4a10fb2b23b7842152934.jpg,14,-7.79376E+18,6955541603362592575
7ce21fe76e8257b6b453eefdbd090ae1,9bfea83a8290fab299c0f2911823f2c1,same,https://cdn.hometogo.com/large/v1/3fe/edd/ae79962a2e47b9e3e6a3998bb5.jpg,https://cdn.hometogo.com/large/v1/c0a/503/8d09d9ac6d253f2a79bd3729c5.jpg,0,-7.79376E+18,-7.79376E+18
7d5ca7510a2c178792c924b01f688d86,c217ee63537f4c78,"aspect-ratio,resolution,watermark,zoom,angle-15-30,illumination",https://cdn.hometogo.com/large/v1/a98/cca/1f569da54baf369cb24942d6fb.jpg,https://cdn.hometogo.com/large/v1/b56/d4a/085a59a241067c115cd2e34a82.jpg,18,679653877029964815,5266426301997317167
7d6616ceca1b6d0e,c7b7b74950d34d64ef4e1338024ba24d,"aspect-ratio,crop,zoom",https://cdn.hometogo.com/large/v1/4cd/ae6/309a5dc4121e77ebf314dfe08b.jpg,https://cdn.hometogo.com/large/v1/a0b/947/3a8401c26fd719b66f7fe7665e.jpg,8,677046654314907447,-6.52817E+18
7d8b17f47bec7346,ad34f085b0f37c6b,same,https://cdn.hometogo.com/large/v1/92b/6cb/874678d691f0176a202344efd0.jpg,https://cdn.hometogo.com/large/v1/cbb/071/8722f40dfef1837bf15df294a7.jpg,0,1414795328923921951,1414795328923921951
7ebf964582424c72,za866bf876ab009b9,"aspect-ratio,crop,zoom",https://cdn.hometogo.com/medium/v1/55d/b47/b2f3074e86dab46e7821aea910.jpg,https://cdn.hometogo.com/medium/v1/693/007/df91bf3dff2f905ab1feeea629.jpg,10,-7.94376E+18,1225575064733199423
808e60bf2e2819e5,d73777422d05789d,same,https://cdn.hometogo.com/medium/v1/437/b2d/ff5d9bb635473b1b0e7faef8d2.jpg,https://cdn.hometogo.com/medium/v1/24d/638/473ae807761e37df5104389bbc.jpg,0,-3.57004E+18,-3.57004E+18
82aaf8f605f513d0,f2ed4f8a1201156bb6dd0e312f0fed45,"aspect-ratio,crop,zoom",https://cdn.hometogo.com/medium/v1/002/0a1/16d40d1b6542c0271c182ed1fb.jpg,https://cdn.hometogo.com/medium/v1/5d5/47d/d7d2b473de73c2c00d5be0e77b.jpg,18,277666742959128767,849135885915054303
82aaf8f605f513d0,b5a0022d6872a7bb,"aspect-ratio,crop,zoom",https://cdn.hometogo.com/medium/v1/002/0a1/16d40d1b6542c0271c182ed1fb.jpg,https://cdn.hometogo.com/large/v1/a9f/ad8/806921a0cdc2cef25a6fab5726.jpg,6,277666742959128767,1376549175214522559
85e6d0d77ee2d8de032be8d91759932a,a214276b12267c85,"aspect-ratio,crop,zoom",https://cdn.hometogo.com/medium/v1/059/e23/6551b52c854ac94125860e83c9.jpg,https://cdn.hometogo.com/large/v1/131/ec0/91db5210ef40076bf893d9581b.jpg,22,8136019923322485143,-8.97018E+18
860d6fed279d68b9,c2ebff8179f83eda290d19338aa4e485,"aspect-ratio,crop",https://cdn.hometogo.com/large/v1/92c/271/6cc54f5dd4e94c31ff4c27d7a3.jpg,https://cdn.hometogo.com/medium/v1/24c/efc/c338436bbd929f99c3fe2d51db.jpg,16,4471710055537615393,4525643318896887585
879e3b8e20f4a1b1,c8bb69c3c8747ac2b77ed08d229e4bb1,"aspect-ratio,crop,zoom",https://cdn.hometogo.com/large/v1/8c1/bd1/863787540a6ef6697e83aa101f.jpg,https://cdn.hometogo.com/large/v1/e89/4ac/8a61a3427e897d0571a1eb3365.jpg,18,8213707008390665807,2913393212079185487
87a046052a64c3b1ddfa2af8e2769d8c,d7bc2708c6c0304c,"aspect-ratio,crop,watermark,zoom",https://cdn.hometogo.com/medium/v1/551/0bc/98821a3db00cc900c56351bd97.jpg,https://cdn.hometogo.com/large/v1/3fc/58c/98356151997c2ffa6396c36d4b.jpg,6,3267461064822184395,7591189522346760651
87a046052a64c3b1ddfa2af8e2769d8c,z086109bbfdda1d8c,"aspect-ratio,crop,zoom",https://cdn.hometogo.com/medium/v1/551/0bc/98821a3db00cc900c56351bd97.jpg,https://cdn.hometogo.com/medium/v1/c09/095/4c6ec538695b072de09a107abd.jpg,10,3267461064822184395,7573175124374669771
8898a2d829bd5a3c,f4536280bebf0cd0,illumination,https://cdn.hometogo.com/large/v1/aa5/6ea/327c1db29c6b98ab281108661a.jpg,https://cdn.hometogo.com/medium/v1/da5/c9c/4e9da5d122241ed3374fc8823c.jpg,6,-3.32575E+18,-3.32589E+18
893570ec21a0f5ad,d21f22cc7cba1f12,angle-15-30,https://cdn.hometogo.com/large/v1/c80/003/f8d6d31747c23edc685957932a.jpg,https://cdn.hometogo.com/large/v1/f86/290/f05e8ca1938bd877920fe72d5f.jpg,32,9011473088516593065,1828946402084700153
8ba5995d72d4383ff179aab9c123f668,abd07f7adbd1fac1,"aspect-ratio,crop,zoom",https://cdn.hometogo.com/large/v1/3a3/a75/6ca4b1669d23e1d4f4149faf14.jpg,https://cdn.hometogo.com/large/v1/ad7/0ef/167d8758ca5b6201c25fb4b773.jpg,12,2377629246371294403,3912785024831351939
8c4672413c19b932,f1655b1a7a0f4cee13198d231b2ab9df,same,https://cdn.hometogo.com/large/v1/65f/a9e/4ac9df616d8706bdb68e53685e.jpg,https://cdn.hometogo.com/medium/v1/098/737/04bd77c666fd57ec7328fa3e63.jpg,0,3932665765876764241,3932665765876764241
8c52039e931dd145,df8bcef13674348e,same,https://cdn.hometogo.com/medium/v1/7e8/92c/402cb82d6e08f8c2ef90bbc080.jpg,https://cdn.hometogo.com/medium/v1/6fd/9b8/a24bfbdcd6602b8df1dcbb1f06.jpg,0,5664978637808914401,5664978637808914401
8c52039e931dd145,d83b8d70136b6749,same,https://cdn.hometogo.com/medium/v1/7e8/92c/402cb82d6e08f8c2ef90bbc080.jpg,https://cdn.hometogo.com/medium/v1/942/b96/e9199bb4cd72e720dffd21636a.jpg,0,5664978637808914401,5664978637808914401
8c52039e931dd145,f833b9941f2a29d6,same,https://cdn.hometogo.com/medium/v1/7e8/92c/402cb82d6e08f8c2ef90bbc080.jpg,https://cdn.hometogo.com/medium/v1/747/f1f/3d6416672a5dc6661a9c82b670.jpg,0,5664978637808914401,5664978637808914401
8f721af5f31da326,b65704ee720d70c40fbe5c0daad5e41b,"aspect-ratio,crop,resolution,zoom",https://cdn.hometogo.com/large/v1/93a/430/c868f334d870f6b76834f4e64e.jpg,https://cdn.hometogo.com/large/v1/afe/c46/568fea561d23e03719a049b8e0.jpg,26,3785577754514606669,-1.20117E+18
9097150861b0d835,dfbde8e33425c667,same,https://cdn.hometogo.com/large/v1/0c6/8c3/b83791ec8406dd653a09dc5ced.jpg,https://cdn.hometogo.com/large/v1/1af/959/fd1c5c878bbd697cc9a6731bb3.jpg,0,-8.26591E+18,-8.26591E+18
921b731e169b82fa,bcd0b2eef5f6ca8e,"aspect-ratio,crop,resolution,zoom",https://cdn.hometogo.com/large/v1/2d2/a45/8daa7b4ed5471a17dc93c7c2ae.jpg,https://cdn.hometogo.com/medium/v1/3d8/541/f48086ea12ec6fb285a024110f.jpg,6,-8.63252E+18,-8.35328E+18
92c31ed16934d02339d17b2fd4cfa1ef,b969917afb89b62539f3d6798ad08f67,same,https://cdn.hometogo.com/medium/v1/636/433/0e096a5f8fe19291eeba2665c3.jpg,https://cdn.hometogo.com/medium/v1/312/8e6/d1ca788c5a1af45d6987f237b1.jpg,0,8249622976285907149,8249622976285907149
93f0cb2ba2b69ab56a5ca9cb3b8e5d91,b84e1c6b06dd4bdc8a250ab66e013214,same,https://cdn.hometogo.com/medium/v1/3f8/e39/5c19a1d8e4313d5cc033a326b3.jpg,https://cdn.hometogo.com/medium/v1/a4d/37f/69c3c93c498551582237ee1f4e.jpg,0,-5.67053E+18,-5.67053E+18
968e46fbd68aa2ee2b33d4e627f26570,e7c3d60aca01d26f,"resolution,watermark,angle-15-30",https://cdn.hometogo.com/medium/v1/c49/4de/1fdb58212ff3793101757099ee.jpg,https://cdn.hometogo.com/large/v1/029/917/502780c9dbdd34883e9f470ec6.jpg,28,-2.84287E+17,7104674961000233165
97461eb36faaad2ce62ed33ef94c371f,9e39c585a4c73d07870f062ff15fdd61,"resolution,watermark",https://cdn.hometogo.com/medium/v1/6b1/325/e6d6096b88b17a9a854f066151.jpg,https://cdn.hometogo.com/large/v1/ef9/934/29e9e2e771ae500a3a84e56904.jpg,0,-3.67348E+18,-3.67348E+18
97916f298321102087548578990b9e00,e3a0380eaf29b348,"aspect-ratio,crop,zoom",https://cdn.hometogo.com/medium/v1/17e/38e/799ddf7a783a1a0cc9737c4245.jpg,https://cdn.hometogo.com/large/v1/7c6/d04/eb74c44cc9288dd84fb9f6c7b2.jpg,16,-3.91274E+18,7262937424847083559
9b1e727fa53e8c28,afe20dcc11e478b540a249988fceb43d,"aspect-ratio,crop",https://cdn.hometogo.com/large/v1/818/75b/1f2e4eb74924fe5850d5a67d47.jpg,https://cdn.hometogo.com/large/v1/f59/91a/48bb94be3bda9fd2fc17299677.jpg,6,6007259090819913453,5160582358726776559
9bcae674306f0a2dee7c8ee87530415f,c1b961ba501a4466,"crop,zoom",https://cdn.hometogo.com/large/v1/c90/ba0/df3fcba47e2b3f48e10b0aaf3d.jpg,https://cdn.hometogo.com/large/v1/156/71a/36c06dd5675558aac9c0aca144.jpg,14,2338372557978832071,3545231430595611847
9bcae674306f0a2dee7c8ee87530415f,z2b66812f102c4914,"aspect-ratio,crop,resolution",https://cdn.hometogo.com/large/v1/c90/ba0/df3fcba47e2b3f48e10b0aaf3d.jpg,https://cdn.hometogo.com/medium/v1/6c5/fa2/54ecf0b4fda395f9c4ef826c9c.jpg,12,2338372557978832071,7003714743784672455
9bfea83a8290fab299c0f2911823f2c1,e435f372dc838ba6,"aspect-ratio,crop,zoom",https://cdn.hometogo.com/large/v1/c0a/503/8d09d9ac6d253f2a79bd3729c5.jpg,https://cdn.hometogo.com/large/v1/6cb/9cd/3a83a4a10fb2b23b7842152934.jpg,14,-7.79376E+18,6955541603362592575
9c1afcd92e82ddc3,f8e47cfa64d6f642b18c51eee77b76d0,"same,same,same",https://cdn.hometogo.com/large/v1/eba/d78/ad1e427e2bd7cdb1b6d9125214.jpg,https://cdn.hometogo.com/large/v1/f2f/fd6/49f033591cee1cc3142a14e336.jpg,0,-8.7773E+18,-8.7773E+18
9c1afcd92e82ddc3,dc06a064ee052829,same,https://cdn.hometogo.com/large/v1/eba/d78/ad1e427e2bd7cdb1b6d9125214.jpg,https://cdn.hometogo.com/large/v1/3b4/3b1/229b20cc83a1b84f045643d8f2.jpg,0,-8.7773E+18,-8.7773E+18
9de0b4cd4969f1ca8eb1857adeeb1755,be65443b088e8b5b,"resolution,watermark",https://cdn.hometogo.com/medium/v1/9b2/9ef/5ed6ddc260c44235a5922997d1.jpg,https://cdn.hometogo.com/medium/v1/aab/4a4/d98954fb18243effd6ab685876.jpg,0,3086627425337346759,3086627425337346759
9ffc7de9f517cffa,a39daed8a742a821,same,https://cdn.hometogo.com/medium/v1/4e9/be8/c3db73d037f6f50fc1bd7bfcc2.jpg,https://cdn.hometogo.com/large/v1/541/861/fdbf9cda272ffdfa700539a0b6.jpg,0,7578757907404666323,7578757907404666323
a0041c23e4e88880,e450628b473b3218,same,https://cdn.hometogo.com/medium/v1/8d6/cc8/fbce92a464af7198c8c26d4f75.jpg,https://cdn.hometogo.com/large/v1/fe0/7ee/3a41ea660230a84573ed78a759.jpg,0,-2.81339E+18,-2.81339E+18
a20edb31fd9bcc278a2374287fd0bf03,ef721f50cb0ae6ae,"aspect-ratio,zoom",https://cdn.hometogo.com/large/v1/eef/d3e/5f70e1a2e71678126626d7ece7.jpg,https://cdn.hometogo.com/large/v1/534/ef0/6c56162e36b49485854bb4978d.jpg,26,-4.68986E+18,1356258114225482991
a2ff97e69e14bc90,e9c9258f6a87d1bcd5f890ceea6a495b,"resolution,watermark",https://cdn.hometogo.com/large/v1/38b/fa2/1b35a51a0dfda12824489dfd73.jpg,https://cdn.hometogo.com/medium/v1/396/933/1457bb55d6d2b9ae310df9591b.jpg,4,-8.33769E+18,-6.03184E+18
a47236673d19c2f9,z086109bbfdda1d8c,"aspect-ratio,crop,zoom",https://cdn.hometogo.com/large/v1/bbe/184/8115392aa4490c041bf9a83d61.jpg,https://cdn.hometogo.com/medium/v1/c09/095/4c6ec538695b072de09a107abd.jpg,10,3267452543607069131,7573175124374669771
a5b5a652bede2c64,a9e41fdec3948605,angle-15-30,https://cdn.hometogo.com/large/v1/bd1/ff1/909ea7ce42d07b01177c165545.jpg,https://cdn.hometogo.com/large/v1/cd7/ab4/71726ee8da64f9634ea26b1135.jpg,32,-7.79386E+18,-6.03393E+18
a8f5e2c5f84c43dc,z710cac41459d0ae1,"aspect-ratio,resolution,illumination",https://cdn.hometogo.com/medium/v1/563/079/04c130d0683b1e0e37de8761d4.jpg,https://cdn.hometogo.com/medium/v1/721/e96/9a4617d0b8f8c32c37d0b4d0d8.jpg,10,-3.52541E+18,5583324464222832399
aa7d21b2d375cded,bb4556258f2ae9e6e3d9a555d25c7774,"aspect-ratio,aspect-ratio,crop,resolution,zoom",https://cdn.hometogo.com/large/v1/359/71e/74c31eec7fdb4ebd22b915574a.jpg,https://cdn.hometogo.com/large/v1/60d/618/26a6158390544ebbbb3f1ca8d3.jpg,10,5463610409287894351,5428712889491408207
ab1dcfb0904098f2,ecdf3b7142a28db6,angle-15-30,https://cdn.hometogo.com/large/v1/241/381/ab9c7f678ffb4cb50c4ec12a4a.jpg,https://cdn.hometogo.com/large/v1/810/a79/8204d6bee1b63f1460bce2dfc4.jpg,22,6780782869694821287,-2.44657E+18
ac224c0c1ecaf0b3,ze31d822df67288e3,"aspect-ratio,crop",https://cdn.hometogo.com/large/v1/8ad/7eb/9bc2ea991a913be551d32fad64.jpg,https://cdn.hometogo.com/medium/v1/197/32f/7a73e4559c0ead8c4b083e7ffc.jpg,6,-3.01922E+18,-2.98318E+18
ad34f085b0f37c6b,f768c0a11e8077ca,same,https://cdn.hometogo.com/large/v1/cbb/071/8722f40dfef1837bf15df294a7.jpg,https://cdn.hometogo.com/large/v1/9c8/1ae/a8bd2203e2b44201d915a36fbd.jpg,0,1414795328923921951,1414795328923921951
ae10750812ad1a7f,ee00c84ec4f3738e59baea25c249fcf9,"aspect-ratio,crop,zoom",https://cdn.hometogo.com/large/v1/b17/cc3/6f182693a1574ee0e9111ca22c.jpg,https://cdn.hometogo.com/large/v1/108/893/124b30243a4c9f24250fa5c221.jpg,14,-8.71458E+18,-1.35007E+18
b17e95b5e8856f3004f4e5a523e1894c,e7c3d60aca01d26f,"crop,resolution,watermark,zoom,angle-15-30,illumination",https://cdn.hometogo.com/medium/v1/4f2/c21/def525c9c5fb3e8789e1c4f423.jpg,https://cdn.hometogo.com/large/v1/029/917/502780c9dbdd34883e9f470ec6.jpg,28,-2.84287E+17,7104674961000233165
b73a8f3dff51a75ab98df7eb40d86eca,f18c95dc6f8ca7f2,"aspect-ratio,crop",https://cdn.hometogo.com/large/v1/1c5/ef5/8f485b672039628697438c8255.jpg,https://cdn.hometogo.com/large/v1/525/a16/a155bdf3a3a2b80e714806b3c5.jpg,10,6447210922632534031,6372890954575616015
bb99ab407a489280,f2e1f0e3b8582e347274476607b73305,"aspect-ratio,crop",https://cdn.hometogo.com/large/v1/3fa/e07/aa30829bcdffc875372eb55876.jpg,https://cdn.hometogo.com/medium/v1/ae7/028/e580b9eeafcc690cff6cb1239f.jpg,10,-3.29944E+18,-2.69595E+18
bbc22222353e0764aa132bc17b3f1f40,d823ccb468e6a670113dcfc35844d673,same,https://cdn.hometogo.com/large/v1/ea2/e5e/1b204aa0913870ca601c44ac4b.jpg,https://cdn.hometogo.com/large/v1/8f8/993/d8f73d620e55848812d6e7ab46.jpg,0,-8.71458E+18,-8.71458E+18
bcd0b2eef5f6ca8e,bf3e072223842b26c0a502845fef6e79,"aspect-ratio,crop,zoom",https://cdn.hometogo.com/medium/v1/3d8/541/f48086ea12ec6fb285a024110f.jpg,https://cdn.hometogo.com/large/v1/226/7ae/b1cd2000424900e91f7f54d397.jpg,10,-8.35328E+18,3040831125555665511
bd2b0945bd1c8aa35fba1f980fa3e98f,f52d620f378ad7513aa60e49e5fe1f24,"crop,zoom,angle-15-30",https://cdn.hometogo.com/large/v1/b48/ca2/952adb2da4f592d3f627653aba.jpg,https://cdn.hometogo.com/large/v1/960/fe6/f372363efb6050e32bd6ccd426.jpg,30,2054698636225039483,3758171107900841195
c21be21cd28ca6294eddf5c8a63a1716,z120122416baf0ad8,"aspect-ratio,crop,zoom,season",https://cdn.hometogo.com/medium/v1/042/237/6fccc6a3befe3dfc2642ea06a3.jpg,https://cdn.hometogo.com/medium/v1/385/b35/bddc5b443661fe956826580a59.jpg,30,4165980667340047951,3759125092731338599
c46420a4b9e5b308,d082438c97e6e470,same,https://cdn.hometogo.com/large/v1/6c6/76d/47595f37c8115e35ec1fef1120.jpg,https://cdn.hometogo.com/large/v1/dfe/54f/94a7a39ea404b72250c227c9f6.jpg,0,4814530120002366841,4814530120002366841
c84a00ad08a15eae,dea314a961a9c7da,same,https://cdn.hometogo.com/large/v1/ba4/947/9a6ac21ac5acb20c71f09476cb.jpg,https://cdn.hometogo.com/large/v1/c12/0e8/6d079c7d7c3481bdc947774cbf.jpg,2,3803907647861869927,3803907373252398439
c970003583646ff2524dc077e8fe7720,f6eb9558ebc0a161,same,https://cdn.hometogo.com/medium/v1/0dd/53e/61226c7bc1f4abecbd3d517f6c.jpg,https://cdn.hometogo.com/large/v1/2f7/488/25f968b5a0f1ecf312fc718131.jpg,0,3086627425337346759,3086627425337346759
d1232b3d64515165415821b121ae8654,e8beaec5efcca624,same,https://cdn.hometogo.com/medium/v1/0f3/724/cbf45cbf51ca8ee0aea5729a64.jpg,https://cdn.hometogo.com/medium/v1/f92/a69/47349efaad3fcd44fc040b8046.jpg,0,-4.88612E+17,-4.88612E+17
d21f22cc7cba1f12,fe191f257ecef502166d060586a1786a,"crop,resolution,watermark,same",https://cdn.hometogo.com/large/v1/f86/290/f05e8ca1938bd877920fe72d5f.jpg,https://cdn.hometogo.com/medium/v1/726/97d/fea5ae5582e0419dc05c11839b.jpg,8,1828946402084700153,5289926440559357945
d595b2526def63d6,fde5f0a3c8c48db6,"aspect-ratio,angle-15-30,illumination",https://cdn.hometogo.com/large/v1/405/977/cb98588ae04ab9a667a83cfa6b.jpg,https://cdn.hometogo.com/medium/v1/563/ed1/5d6d8427715cf8d01f7fe763ec.jpg,30,1283078443683185455,-6.43528E+18
d5b2e215b5faa8cc6abc8a5fd4d853c7,f5b724be35044479bf7ed7967040b438,same,https://cdn.hometogo.com/medium/v1/11f/7c6/1aea94e360e682ca127fb63d84.jpg,https://cdn.hometogo.com/medium/v1/9b7/276/87745905f323507b1d7ac9c503.jpg,0,3068966960876167575,3068966960876167575
d7754a04ed8f1a426eef41bddee68c09,d792dafe86a60ae7,"aspect-ratio,crop,zoom",https://cdn.hometogo.com/large/v1/d85/2e7/b830afd7b8c147a69b52a95fe1.jpg,https://cdn.hometogo.com/large/v1/9ed/77b/f7cd9d45dbfbaaa34c9bf3fb2c.jpg,10,2806354730749491453,928336096365901949
d8df3822b5c313d18e1c6e2c1d5dfecc,f0d6495924fbb59e24a035d4e841a19b,"aspect-ratio,crop,zoom",https://cdn.hometogo.com/medium/v1/3fd/3f7/6d03e4ab68d55d2aefec771e78.jpg,https://cdn.hometogo.com/large/v1/919/313/e66ccbff661173bbbb454e4419.jpg,10,1304244435246026321,-3.01922E+18
df8bcef13674348e,f833b9941f2a29d6,same,https://cdn.hometogo.com/medium/v1/6fd/9b8/a24bfbdcd6602b8df1dcbb1f06.jpg,https://cdn.hometogo.com/medium/v1/747/f1f/3d6416672a5dc6661a9c82b670.jpg,0,5664978637808914401,5664978637808914401
e1428c1bb52e1309712bfd71fdf92f94,fe75491f3fcc458c,"aspect-ratio,crop,zoom",https://cdn.hometogo.com/medium/v1/9db/2a9/87b07c0ecaef155bfcd106555f.jpg,https://cdn.hometogo.com/large/v1/55e/c97/f36f90c66acc24cdff4b1846a3.jpg,12,-4.01009E+18,-3.82981E+18
ee00c84ec4f3738e59baea25c249fcf9,f2a0bcc8208cb4de,"aspect-ratio,crop,zoom",https://cdn.hometogo.com/large/v1/108/893/124b30243a4c9f24250fa5c221.jpg,https://cdn.hometogo.com/large/v1/aa5/74b/3a1796c618b2b7711852fa0a22.jpg,14,-1.35007E+18,-8.71458E+18
f2778077c37f2089abdd8a13a6019aea,f2ed4f8a1201156bb6dd0e312f0fed45,"aspect-ratio,crop,zoom",https://cdn.hometogo.com/large/v1/b67/3f5/2556c3053e771394e64e7bdbff.jpg,https://cdn.hometogo.com/medium/v1/5d5/47d/d7d2b473de73c2c00d5be0e77b.jpg,18,277666742959128767,849135885915054303
f2e1f0e3b8582e347274476607b73305,fcdc8583267aa19a,"aspect-ratio,crop",https://cdn.hometogo.com/medium/v1/ae7/028/e580b9eeafcc690cff6cb1239f.jpg,https://cdn.hometogo.com/large/v1/a00/d3e/2053fc81be3eaa9e8cce304d34.jpg,10,-2.69595E+18,-3.29944E+18
f43de142acc91b81,za866bf876ab009b9,"aspect-ratio,crop,zoom,illumination",https://cdn.hometogo.com/medium/v1/bd4/778/f58889ea5987bdd75abfaad004.jpg,https://cdn.hometogo.com/medium/v1/693/007/df91bf3dff2f905ab1feeea629.jpg,10,-7.94376E+18,1225575064733199423
offer_id_1,offer_id_2,classes,cdn_url_1,cdn_url_2,hd,phash_1,phash_2
z39b7f85c0bcca8a5,zd8f8e29d09cd8b3e,"aspect-ratio,resolution,zoom,angle-15-30,illumination",https://cdn.hometogo.com/small/v1/7d6/d2f/3ee7f7b14c1c120fa73e6c2016.jpg,https://cdn.hometogo.com/small/v1/df8/deb/400c746a566972f250b901f260.jpg,32,848613571053487943,6220082077472548437